{
  "FilterHeaders": [
    {
      "Header": "user-agent",
      "IncludeInScript": false
    },
    {
      "Header": "upgrade-insecure-requests",
      "IncludeInScript": true
    },
    {
      "Header": "origin",
      "IncludeInScript": true
    },
    {
      "Header": "accept-language",
      "IncludeInScript": false
    },
    {
      "Header": "accept-encoding",
      "IncludeInScript": false
    },
    {
      "Header": "accept",
      "IncludeInScript": false
    }
  ],
  "FilterResources": [
    {
      "IsNonResource": true,
      "type": "text/html"
    },
    {
      "IsNonResource": false,
      "type": "image/gif"
    },
    {
      "IsNonResource": false,
      "type": "application/javascript"
    }
  ],
  "GeneralInfo": {
    "BrowserVersion": "",
    "IsWinInetMode": false,
    "MaxUsedConnections": 4,
    "RecordedBrowser": "Firefox",
    "RecordingDate": "ноя-13-2023",
    "RecordingDuration": 140094,
    "RecordingMode": "N/A",
    "RecordingTimeStamp": 1699866404,
    "RecordingType": "Browser",
    "TotalBytesReceived": 19006,
    "TotalBytesSent": 3276,
    "TotalRequests": 7,
    "UserAgent": "Mozilla/5.0 (Windows NT 10.0; Win64; x64; rv:109.0) Gecko/20100101 Firefox/119.0"
  },
  "HostInfo": [
    {
      "DomainName": "localhost",
      "Domains": [
        {
          "HTTPVersion": "HTTP/1.1",
          "IP": "[::1]",
          "IncludeInScript": true,
          "Name": "localhost",
          "Port": 1080,
          "Requests": [
            {
              "CompressionType": "",
              "DataType": "text/html",
              "DownloadTime": 32,
              "EventId": 958,
              "HttpStatus": 200,
              "Size": 1077,
              "URL": "http://localhost:1080/cgi-bin/login.pl"
            },
            {
              "CompressionType": "",
              "DataType": "application/javascript",
              "DownloadTime": 47,
              "EventId": 877,
              "HttpStatus": 200,
              "Size": 11288,
              "URL": "http://localhost:1080/WebTours/profileValidate.js"
            },
            {
              "CompressionType": "",
              "DataType": "text/html",
              "DownloadTime": 31,
              "EventId": 874,
              "HttpStatus": 200,
              "Size": 2429,
              "URL": "http://localhost:1080/cgi-bin/login.pl?username=&password=&getInfo=true"
            },
            {
              "CompressionType": "",
              "DataType": "image/gif",
              "DownloadTime": 0,
              "EventId": 408,
              "HttpStatus": 200,
              "Size": 679,
              "URL": "http://localhost:1080/WebTours/images/mer_login.gif"
            },
            {
              "CompressionType": "",
              "DataType": "text/html",
              "DownloadTime": 15,
              "EventId": 399,
              "HttpStatus": 200,
              "Size": 1486,
              "URL": "http://localhost:1080/cgi-bin/nav.pl?in=home"
            },
            {
              "CompressionType": "",
              "DataType": "text/html",
              "DownloadTime": 15,
              "EventId": 394,
              "HttpStatus": 200,
              "Size": 1361,
              "URL": "http://localhost:1080/WebTours/home.html"
            },
            {
              "CompressionType": "",
              "DataType": "text/html",
              "DownloadTime": 31,
              "EventId": 374,
              "HttpStatus": 200,
              "Size": 686,
              "URL": "http://localhost:1080/cgi-bin/welcome.pl?signOff=true"
            }
          ],
          "SSLCipher": "None",
          "SSLVersion": "None"
        }
      ],
      "IncludeInScript": true
    },
    {
      "DomainName": "firefox.com",
      "Domains": [
        {
          "HTTPVersion": "HTTP/1.1",
          "IP": "34.107.221.82",
          "IncludeInScript": false,
          "Name": "detectportal.firefox.com",
          "Port": 80,
          "Requests": [
            {
              "CompressionType": "",
              "DataType": "text/plain",
              "DownloadTime": 47,
              "EventId": 937,
              "HttpStatus": 200,
              "Size": 8,
              "URL": "http://detectportal.firefox.com/success.txt?ipv4"
            },
            {
              "CompressionType": "",
              "DataType": "text/html",
              "DownloadTime": 47,
              "EventId": 923,
              "HttpStatus": 200,
              "Size": 90,
              "URL": "http://detectportal.firefox.com/canonical.html"
            },
            {
              "CompressionType": "",
              "DataType": "text/plain",
              "DownloadTime": 46,
              "EventId": 908,
              "HttpStatus": 200,
              "Size": 8,
              "URL": "http://detectportal.firefox.com/success.txt?ipv4"
            },
            {
              "CompressionType": "",
              "DataType": "text/html",
              "DownloadTime": 47,
              "EventId": 894,
              "HttpStatus": 200,
              "Size": 90,
              "URL": "http://detectportal.firefox.com/canonical.html"
            },
            {
              "CompressionType": "",
              "DataType": "text/plain",
              "DownloadTime": 47,
              "EventId": 853,
              "HttpStatus": 200,
              "Size": 8,
              "URL": "http://detectportal.firefox.com/success.txt?ipv4"
            },
            {
              "CompressionType": "",
              "DataType": "text/html",
              "DownloadTime": 63,
              "EventId": 839,
              "HttpStatus": 200,
              "Size": 90,
              "URL": "http://detectportal.firefox.com/canonical.html"
            },
            {
              "CompressionType": "",
              "DataType": "text/plain",
              "DownloadTime": 47,
              "EventId": 823,
              "HttpStatus": 200,
              "Size": 8,
              "URL": "http://detectportal.firefox.com/success.txt?ipv4"
            },
            {
              "CompressionType": "",
              "DataType": "text/html",
              "DownloadTime": 47,
              "EventId": 809,
              "HttpStatus": 200,
              "Size": 90,
              "URL": "http://detectportal.firefox.com/canonical.html"
            },
            {
              "CompressionType": "",
              "DataType": "text/plain",
              "DownloadTime": 47,
              "EventId": 803,
              "HttpStatus": 200,
              "Size": 8,
              "URL": "http://detectportal.firefox.com/success.txt?ipv4"
            },
            {
              "CompressionType": "",
              "DataType": "text/html",
              "DownloadTime": 47,
              "EventId": 788,
              "HttpStatus": 200,
              "Size": 90,
              "URL": "http://detectportal.firefox.com/canonical.html"
            },
            {
              "CompressionType": "",
              "DataType": "text/plain",
              "DownloadTime": 46,
              "EventId": 786,
              "HttpStatus": 200,
              "Size": 8,
              "URL": "http://detectportal.firefox.com/success.txt?ipv4"
            },
            {
              "CompressionType": "",
              "DataType": "text/html",
              "DownloadTime": 47,
              "EventId": 749,
              "HttpStatus": 200,
              "Size": 90,
              "URL": "http://detectportal.firefox.com/canonical.html"
            },
            {
              "CompressionType": "",
              "DataType": "text/html",
              "DownloadTime": 47,
              "EventId": 499,
              "HttpStatus": 200,
              "Size": 90,
              "URL": "http://detectportal.firefox.com/canonical.html"
            },
            {
              "CompressionType": "",
              "DataType": "text/html",
              "DownloadTime": 47,
              "EventId": 451,
              "HttpStatus": 200,
              "Size": 90,
              "URL": "http://detectportal.firefox.com/canonical.html"
            }
          ],
          "SSLCipher": "None",
          "SSLVersion": "None"
        }
      ],
      "IncludeInScript": true
    }
  ],
  "WebSocket": {
    "IncludeInScript": false,
    "IsScriptIncludeWebSocket": false
  },
  "NumberOfCorrelations": 0
}