{
  "FilterHeaders": [
    {
      "Header": "user-agent",
      "IncludeInScript": false
    },
    {
      "Header": "upgrade-insecure-requests",
      "IncludeInScript": true
    },
    {
      "Header": "origin",
      "IncludeInScript": true
    },
    {
      "Header": "accept-language",
      "IncludeInScript": false
    },
    {
      "Header": "accept-encoding",
      "IncludeInScript": false
    },
    {
      "Header": "accept",
      "IncludeInScript": false
    }
  ],
  "FilterResources": [
    {
      "IsNonResource": true,
      "type": "text/html"
    },
    {
      "IsNonResource": false,
      "type": "image/gif"
    }
  ],
  "GeneralInfo": {
    "BrowserVersion": "",
    "IsWinInetMode": false,
    "MaxUsedConnections": 8,
    "RecordedBrowser": "Firefox",
    "RecordingDate": "ноя-13-2023",
    "RecordingDuration": 157938,
    "RecordingMode": "N/A",
    "RecordingTimeStamp": 1699865941,
    "RecordingType": "Browser",
    "TotalBytesReceived": 21905,
    "TotalBytesSent": 8651,
    "TotalRequests": 14,
    "UserAgent": "Mozilla/5.0 (Windows NT 10.0; Win64; x64; rv:109.0) Gecko/20100101 Firefox/119.0"
  },
  "HostInfo": [
    {
      "DomainName": "localhost",
      "Domains": [
        {
          "HTTPVersion": "HTTP/1.1",
          "IP": "[::1]",
          "IncludeInScript": true,
          "Name": "localhost",
          "Port": 1080,
          "Requests": [
            {
              "CompressionType": "",
              "DataType": "text/html",
              "DownloadTime": 63,
              "EventId": 963,
              "HttpStatus": 200,
              "Size": 1488,
              "URL": "http://localhost:1080/cgi-bin/nav.pl?in=home"
            },
            {
              "CompressionType": "",
              "DataType": "text/html",
              "DownloadTime": 31,
              "EventId": 958,
              "HttpStatus": 200,
              "Size": 686,
              "URL": "http://localhost:1080/cgi-bin/welcome.pl?signOff=1"
            },
            {
              "CompressionType": "",
              "DataType": "text/html",
              "DownloadTime": 31,
              "EventId": 952,
              "HttpStatus": 200,
              "Size": 2474,
              "URL": "http://localhost:1080/cgi-bin/reservations.pl"
            },
            {
              "CompressionType": "",
              "DataType": "text/html",
              "DownloadTime": 31,
              "EventId": 899,
              "HttpStatus": 200,
              "Size": 2698,
              "URL": "http://localhost:1080/cgi-bin/reservations.pl"
            },
            {
              "CompressionType": "",
              "DataType": "text/html",
              "DownloadTime": 31,
              "EventId": 896,
              "HttpStatus": 200,
              "Size": 2438,
              "URL": "http://localhost:1080/cgi-bin/reservations.pl"
            },
            {
              "CompressionType": "",
              "DataType": "image/gif",
              "DownloadTime": 0,
              "EventId": 890,
              "HttpStatus": 200,
              "Size": 726,
              "URL": "http://localhost:1080/WebTours/images/in_flights.gif"
            },
            {
              "CompressionType": "",
              "DataType": "text/html",
              "DownloadTime": 78,
              "EventId": 887,
              "HttpStatus": 200,
              "Size": 1482,
              "URL": "http://localhost:1080/cgi-bin/nav.pl?page=menu&in=flights"
            },
            {
              "CompressionType": "",
              "DataType": "text/html",
              "DownloadTime": 31,
              "EventId": 884,
              "HttpStatus": 200,
              "Size": 4246,
              "URL": "http://localhost:1080/cgi-bin/reservations.pl?page=welcome"
            },
            {
              "CompressionType": "",
              "DataType": "text/html",
              "DownloadTime": 32,
              "EventId": 879,
              "HttpStatus": 200,
              "Size": 616,
              "URL": "http://localhost:1080/cgi-bin/welcome.pl?page=search"
            },
            {
              "CompressionType": "",
              "DataType": "text/html",
              "DownloadTime": 78,
              "EventId": 872,
              "HttpStatus": 200,
              "Size": 1482,
              "URL": "http://localhost:1080/cgi-bin/nav.pl?page=menu&in=home"
            },
            {
              "CompressionType": "",
              "DataType": "text/html",
              "DownloadTime": 16,
              "EventId": 869,
              "HttpStatus": 200,
              "Size": 918,
              "URL": "http://localhost:1080/cgi-bin/login.pl?intro=true"
            },
            {
              "CompressionType": "",
              "DataType": "text/html",
              "DownloadTime": 16,
              "EventId": 864,
              "HttpStatus": 200,
              "Size": 481,
              "URL": "http://localhost:1080/cgi-bin/login.pl"
            },
            {
              "CompressionType": "",
              "DataType": "text/html",
              "DownloadTime": 31,
              "EventId": 390,
              "HttpStatus": 200,
              "Size": 1484,
              "URL": "http://localhost:1080/cgi-bin/nav.pl?in=home"
            },
            {
              "CompressionType": "",
              "DataType": "text/html",
              "DownloadTime": 31,
              "EventId": 369,
              "HttpStatus": 200,
              "Size": 686,
              "URL": "http://localhost:1080/cgi-bin/welcome.pl?signOff=true"
            }
          ],
          "SSLCipher": "None",
          "SSLVersion": "None"
        }
      ],
      "IncludeInScript": true
    },
    {
      "DomainName": "firefox.com",
      "Domains": [
        {
          "HTTPVersion": "HTTP/1.1",
          "IP": "34.107.221.82",
          "IncludeInScript": false,
          "Name": "detectportal.firefox.com",
          "Port": 80,
          "Requests": [
            {
              "CompressionType": "",
              "DataType": "text/plain",
              "DownloadTime": 47,
              "EventId": 931,
              "HttpStatus": 200,
              "Size": 8,
              "URL": "http://detectportal.firefox.com/success.txt?ipv4"
            },
            {
              "CompressionType": "",
              "DataType": "text/html",
              "DownloadTime": 47,
              "EventId": 917,
              "HttpStatus": 200,
              "Size": 90,
              "URL": "http://detectportal.firefox.com/canonical.html"
            },
            {
              "CompressionType": "",
              "DataType": "text/plain",
              "DownloadTime": 47,
              "EventId": 843,
              "HttpStatus": 200,
              "Size": 8,
              "URL": "http://detectportal.firefox.com/success.txt?ipv4"
            },
            {
              "CompressionType": "",
              "DataType": "text/html",
              "DownloadTime": 47,
              "EventId": 829,
              "HttpStatus": 200,
              "Size": 90,
              "URL": "http://detectportal.firefox.com/canonical.html"
            },
            {
              "CompressionType": "",
              "DataType": "text/plain",
              "DownloadTime": 47,
              "EventId": 814,
              "HttpStatus": 200,
              "Size": 8,
              "URL": "http://detectportal.firefox.com/success.txt?ipv4"
            },
            {
              "CompressionType": "",
              "DataType": "text/html",
              "DownloadTime": 47,
              "EventId": 800,
              "HttpStatus": 200,
              "Size": 90,
              "URL": "http://detectportal.firefox.com/canonical.html"
            },
            {
              "CompressionType": "",
              "DataType": "text/plain",
              "DownloadTime": 47,
              "EventId": 783,
              "HttpStatus": 200,
              "Size": 8,
              "URL": "http://detectportal.firefox.com/success.txt?ipv4"
            },
            {
              "CompressionType": "",
              "DataType": "text/html",
              "DownloadTime": 47,
              "EventId": 769,
              "HttpStatus": 200,
              "Size": 90,
              "URL": "http://detectportal.firefox.com/canonical.html"
            },
            {
              "CompressionType": "",
              "DataType": "text/plain",
              "DownloadTime": 46,
              "EventId": 763,
              "HttpStatus": 200,
              "Size": 8,
              "URL": "http://detectportal.firefox.com/success.txt?ipv4"
            },
            {
              "CompressionType": "",
              "DataType": "text/html",
              "DownloadTime": 47,
              "EventId": 747,
              "HttpStatus": 200,
              "Size": 90,
              "URL": "http://detectportal.firefox.com/canonical.html"
            },
            {
              "CompressionType": "",
              "DataType": "text/plain",
              "DownloadTime": 47,
              "EventId": 732,
              "HttpStatus": 200,
              "Size": 8,
              "URL": "http://detectportal.firefox.com/success.txt?ipv4"
            },
            {
              "CompressionType": "",
              "DataType": "text/html",
              "DownloadTime": 47,
              "EventId": 711,
              "HttpStatus": 200,
              "Size": 90,
              "URL": "http://detectportal.firefox.com/canonical.html"
            },
            {
              "CompressionType": "",
              "DataType": "text/plain",
              "DownloadTime": 47,
              "EventId": 709,
              "HttpStatus": 200,
              "Size": 8,
              "URL": "http://detectportal.firefox.com/success.txt?ipv4"
            },
            {
              "CompressionType": "",
              "DataType": "text/html",
              "DownloadTime": 47,
              "EventId": 442,
              "HttpStatus": 200,
              "Size": 90,
              "URL": "http://detectportal.firefox.com/canonical.html"
            }
          ],
          "SSLCipher": "None",
          "SSLVersion": "None"
        }
      ],
      "IncludeInScript": true
    }
  ],
  "WebSocket": {
    "IncludeInScript": false,
    "IsScriptIncludeWebSocket": false
  },
  "NumberOfCorrelations": 7
}